01pin.cn.,0
020chaoyu.com.,1
010sdent.com.,0
020chun.com.,0
007jiafen.com.,0
010wuguan.com.,0
010-hunbohui.com.,0
01qingtan.com.,1
01software.net.,0
01times.com.,0
020kouqiang.net.,0
00pin.com.,0
020gyedu.com.,0
020wenyi.com.,0
020ziqiang.com.,0
020youqi.com.,0
020-jiabohui.com.,0
020kouqiangke.com.,0
010-running.com.,0
0-kgame.com.,0
010qutuanjian.com.,0
001chuantai.com.,0
0101jiaoyu.com.,0
01yue.com.,0
010mail.net.,0
020kouqiang.cn.,0
020taijik.com.,0
007jieshaohuo.com.,0
020qingyun.com.,0
001-design.com.,0
012weizan.com.,1
001shentu.com.,0
01-cloud.com.,0
01chain.com.,0
0039italia.com.,0
01snail.com.,1
00tuan.cn.,0
01gua.com.,0
007wangluo.com.,0
01more.com.,0
01fan.com.,0
020-erbohui.com.,0
020-studio.com.,0
010ditan.cn.,0
020anjing.com.,0
01demo.com.,0
01jiaju.com.cn.,0
01wulian.com.,0
01game.cn.,0
020zhenying.com.,0
01-design.com.cn.,0
020-hunbohui.com.,0
020buyer.com.,0
020jiachang.com.,0
007amzhentan.com.,0
01hua.com.,0
01zhizuan.com.,0
020geyin.com.,0
020manyi.com.,0
020shiming.cn.,0
010rszhentan.com.,0
01miao.com.,0
010dental.com.,1
020orange.com.,0
001piao.com.,0
010-erbohui.com.,0
020jiehun.com.,0
